parent_id,id,population_rel_to_parent,latitude,longitude,name
41002,410022,0.13410960949094197,50.916666666666664,4.0,NIEUWERKERKEN
41002,410023,0.05969013350661972,50.96666666666667,4.066666666666666,HERDERSEM
41002,410024,0.2661819331383862,50.916666666666664,4.05,EREMBODEGEM
41002,410025,0.10781223015475762,50.95,4.1,MOORSEL
41002,410026,0.06870570879106404,50.93333333333333,4.133333333333334,MELDERT
41002,410027,0.07453656137762674,50.983333333333334,4.05,GIJZEGEM
41002,410028,0.04430511282641212,50.95,4.133333333333334,BAARDEGEM
41002,410029,0.13354759960308052,50.96666666666667,4.033333333333333,HOFSTADE
41002,410021,0.11111111111111105,50.93333333333333,4.033333333333333,AALST
44001,440012,0.3393625342197888,51.05,3.466666666666667,LOTENHULLE
44001,440013,0.33217637856863513,51.083333333333336,3.4833333333333334,BELLEM
44001,440014,0.07846108721157606,51.03333333333333,3.45,POEKE
44001,440011,0.25,51.083333333333336,3.45,AALTER
24001,240012,0.25,51.0,4.866666666666667,LANGDORP
24001,240013,0.25,50.96666666666667,4.9,RILLAAR
24001,240014,0.25,50.96666666666667,4.8,GELRODE
24001,240011,0.25,50.983333333333334,4.833333333333333,AARSCHOT
38002,380022,0.17331363860167406,50.93333333333333,2.6666666666666665,STAVELE
38002,380023,0.2124405054981126,50.983333333333334,2.6166666666666667,LEISELE
38002,380024,0.09637288691941573,51.0,2.65,IZENBERGE
38002,380025,0.08403085507959955,50.983333333333334,2.6666666666666665,GIJVERINKHOVE
38002,380026,0.18145412768751026,50.93333333333333,2.65,BEVEREN AAN DE IJZER
38002,380027,0.02888560643361234,51.0,2.7,SINT-RIJKERS
38002,380028,0.014967996061053668,51.03333333333333,2.7,OEREN
38002,380029,0.09742327260791071,50.983333333333334,2.7,HOOGSTADE
38002,380021,0.11111111111111105,51.016666666666666,2.716666666666667,ALVERINGEM
34002,340022,0.1310775407437651,50.81666666666667,3.4833333333333334,TIEGEM
34002,340023,0.07085502364669458,50.81666666666667,3.5,KASTER
34002,340024,0.3697560477697254,50.833333333333336,3.4,VICHTE
34002,340025,0.1935966792555544,50.81666666666667,3.4333333333333336,INGOOIGEM
34002,340026,0.06804804191759382,50.833333333333336,3.5,GIJZELBRECHTEGEM
34002,340021,0.16666666666666663,50.833333333333336,3.4833333333333334,ANZEGEM
37020,370202,0.5,51.0,3.216666666666667,KOOLSKAMP
37020,370201,0.5,50.983333333333334,3.2,ARDOOIE
71002,710022,0.5,51.016666666666666,5.6,NIEL-BIJ-AS
71002,710021,0.5,51.0,5.583333333333333,AS
23002,230022,0.16664289449912045,50.88333333333333,4.266666666666667,ZELLIK
23002,230023,0.16664289449912045,50.9,4.283333333333333,RELEGEM
23002,230024,0.2377216754623687,50.93333333333333,4.216666666666667,MOLLEM
23002,230025,0.09568297437360339,50.916666666666664,4.25,KOBBEGEM
23002,230026,0.16664289449912045,50.88333333333333,4.233333333333333,BEKKERZEEL
23002,230021,0.16666666666666652,50.916666666666664,4.2,ASSE
43002,430022,0.2624463798258157,51.2,3.6833333333333336,OOSTEEKLO
43002,430023,0.28974392304692576,51.233333333333334,3.6833333333333336,BASSEVELDE
43002,430024,0.19780969712725854,51.25,3.716666666666667,BOEKHOUTE
43002,430021,0.25,51.233333333333334,3.75,ASSENEDE
34003,340032,0.1130827067669173,50.75,3.4,BOSSUIT
34003,340033,0.2930526315789474,50.75,3.4333333333333336,OUTRIJVE
34003,340034,0.16721804511278196,50.78333333333333,3.4833333333333334,WAARMAARDE
34003,340035,0.22664661654135337,50.8,3.5,KERKHOVE
34003,340031,0.19999999999999996,50.78333333333333,3.45,AVELGEM
13003,130032,0.5,51.15,5.15,OLMEN
13003,130031,0.5,51.166666666666664,5.166666666666667,BALEN
31003,310032,0.33333333333333337,51.13333333333333,3.3666666666666667,SINT-JORIS
31003,310033,0.33333333333333337,51.166666666666664,3.3333333333333335,OEDELEM
31003,310031,0.33333333333333326,51.15,3.3333333333333335,BEERNEM
13004,130042,0.5,51.3,4.783333333333333,VLIMMEREN
13004,130041,0.5,51.31666666666667,4.85,BEERSE
23003,230032,0.19997999799979999,50.75,4.283333333333333,HUIZINGEN
23003,230033,0.2127812781278128,50.733333333333334,4.3,DWORP
23003,230034,0.2151015101510151,50.75,4.333333333333333,ALSEMBERG
23003,230035,0.17213721372137214,50.766666666666666,4.283333333333333,LOT
23003,230031,0.19999999999999996,50.766666666666666,4.316666666666666,BEERSEL
24007,240072,0.5,50.983333333333334,4.783333333333333,BETEKOM
24007,240071,0.5,51.016666666666666,4.783333333333333,BEGIJNENDIJK
24008,240082,0.29973958333333334,50.916666666666664,4.966666666666667,MOLENBEEK-WERSBEEK
24008,240083,0.3669270833333334,50.95,5.016666666666667,ASSENT
24008,240081,0.33333333333333326,50.95,4.983333333333333,BEKKEVOORT
71004,710042,0.24809558964263254,51.03333333333333,5.166666666666667,PAAL
71004,710043,0.026248872118776145,51.06666666666667,5.25,STAL
71004,710044,0.3546660104448637,51.06666666666667,5.266666666666667,KOERSEL
71004,710045,0.1709895277937276,51.083333333333336,5.216666666666667,BEVERLO
71004,710041,0.19999999999999996,51.05,5.216666666666667,BERINGEN
12002,120022,0.5,51.13333333333333,4.666666666666667,GESTEL
12002,120021,0.5,51.11666666666667,4.666666666666667,BERLAAR
42003,420032,0.20666979802724286,51.016666666666666,3.95,UITBERGEN
42003,420033,0.45999686863942385,51.05,3.95,OVERMERE
42003,420031,0.33333333333333326,51.03333333333333,4.0,BERLARE
24009,240092,0.33333333333333337,50.85,4.583333333333333,LEEFDAAL
24009,240093,0.33333333333333337,50.833333333333336,4.65,KORBEEK-DIJLE
24009,240091,0.33333333333333326,50.86666666666667,4.633333333333333,BERTEM
46003,460032,0.06391015871835855,51.25,4.183333333333334,VERREBROEK
46003,460033,0.12417760101103967,51.28333333333333,4.166666666666667,KIELDRECHT
46003,460034,0.004618444039698175,51.31666666666667,4.266666666666667,DOEL
46003,460035,0.07379753187376872,51.25,4.283333333333333,KALLO
46003,460036,0.12528342564026318,51.21666666666667,4.2,VRASENE
46003,460037,0.343976508196112,51.21666666666667,4.283333333333333,MELSELE
46003,460038,0.13923633052075976,51.18333333333333,4.25,HAASDONK
46003,460031,0.125,51.21666666666667,4.25,BEVEREN
24011,240112,0.25,50.81666666666667,4.8,OPVELP
24011,240113,0.25,50.85,4.783333333333333,LOVENJOEL
24011,240114,0.25,50.86666666666667,4.766666666666667,KORBEEK-LO
24011,240111,0.25,50.833333333333336,4.75,BIERBEEK
73006,730062,0.07692307692307691,50.86666666666667,5.55,WALTWILDER
73006,730063,0.07692307692307691,50.85,5.583333333333333,ROSMEER
73006,730064,0.01774300198368966,50.86666666666667,5.566666666666666,HOELBEEK
73006,730065,0.03636764381750055,50.833333333333336,5.55,KLEINE-SPOUWEN
73006,730066,0.04852692675042245,50.833333333333336,5.55,GROTE-SPOUWEN
73006,730067,0.07692307692307691,50.85,5.533333333333333,MARTENSLINDE
73006,730068,0.050143266475644696,50.833333333333336,5.516666666666667,RIJKHOVEN
73006,730069,0.1656748218352803,50.88333333333333,5.533333333333333,MUNSTERBILZEN
73006,7300610,0.07692307692307691,50.86666666666667,5.566666666666666,MOPERTINGEN
73006,7300611,0.02835941517889942,50.85,5.616666666666667,HEES
73006,7300612,0.08316802586143561,50.88333333333333,5.566666666666666,EIGENBILZEN
73006,7300613,0.1854015134817427,50.9,5.466666666666667,BEVERST
73006,730061,0.07692307692307698,50.86666666666667,5.516666666666667,BILZEN
31004,310042,0.5,51.3,3.15,UITKERKE
31004,310041,0.5,51.31666666666667,3.1333333333333333,BLANKENBERGE
72003,720032,0.13582787652011225,51.15,5.566666666666666,REPPEL
72003,720033,0.5308387901465543,51.18333333333333,5.516666666666667,KAULILLE
72003,720031,0.3333333333333335,51.166666666666664,5.583333333333333,BOCHOLT
11004,110042,0.5,51.18333333333333,4.516666666666667,VREMDE
11004,110041,0.5,51.166666666666664,4.483333333333333,BOECHOUT
12005,120052,0.5,51.0,4.583333333333333,RIJMENAM
12005,120051,0.5,51.016666666666666,4.55,BONHEIDEN
24014,240142,0.5,51.0,4.55,HEVER
24014,240141,0.5,50.983333333333334,4.566666666666666,BOORTMEERBEEK
73009,730092,0.1213484647681839,50.78333333333333,5.383333333333334,BOMMERSHOVEN
73009,730093,0.022853069906783534,50.8,5.316666666666666,VOORT
73009,730094,0.09822810749406956,50.8,5.266666666666667,RIJKEL
73009,730095,0.010691494693232063,50.8,5.333333333333333,KUTTEKOVEN
73009,730096,0.09448608435143835,50.81666666666667,5.366666666666666,KERNIEL
73009,730097,0.09742624539207716,50.8,5.383333333333334,JESSEREN
73009,730098,0.023922219376106738,50.8,5.333333333333333,HENDRIEKEN
73009,730099,0.28466104620730365,50.81666666666667,5.283333333333333,HOEPERTINGEN
73009,7300910,0.019378334131483113,50.8,5.366666666666666,GROOT-LOON
73009,7300911,0.03635108195698901,50.8,5.316666666666666,GOTEM
73009,7300912,0.05813500239444934,50.78333333333333,5.333333333333333,BROEKOM
73009,7300913,0.05559577240480672,50.81666666666667,5.4,GORS-OPLEEUW
73009,730091,0.07692307692307687,50.8,5.35,BORGLOON
12007,120072,0.25,51.1,4.266666666666667,HINGENE
12007,120073,0.25,51.06666666666667,4.183333333333334,MARIEKERKE
12007,120074,0.25,51.1,4.2,WEERT
12007,120071,0.25,51.1,4.233333333333333,BORNEM
24016,240162,0.15370407018932647,50.833333333333336,4.833333333333333,VERTRIJK
24016,240163,0.09581766607295995,50.81666666666667,4.833333333333333,WILLEBRINGEN
24016,240164,0.2836598720232205,50.833333333333336,4.866666666666667,ROOSBEEK
24016,240165,0.10060030345009566,50.81666666666667,4.816666666666666,NEERVELP
24016,240166,0.19955142159773073,50.85,4.866666666666667,KERKOM
24016,240161,0.16666666666666663,50.85,4.833333333333333,BOUTERSEM
11009,110092,0.2687211552776537,51.35,4.683333333333334,SINT-LENAARTS
11009,110093,0.39794551138901296,51.3,4.583333333333333,SINT-JOB-IN-'T-GOOR
11009,110091,0.33333333333333326,51.35,4.65,BRECHT
72004,720042,0.12123881624225741,51.13333333333333,5.666666666666667,TONGERLO
72004,720043,0.2656022023399862,51.11666666666667,5.65,OPITTER
72004,720044,0.26174810736407433,51.15,5.583333333333333,GERDINGEN
72004,720045,0.15141087405368203,51.15,5.6,BEEK
72004,720041,0.20000000000000007,51.13333333333333,5.6,BREE
31005,310052,0.0802362984040579,51.3,3.2,LISSEWEGE
31005,310053,0.027766608932327106,51.28333333333333,3.2333333333333334,DUDZELE
31005,310054,0.17203389830508475,51.21666666666667,3.25,SINT-KRUIS
31005,310055,0.21365674873190646,51.2,3.25,ASSEBROEK
31005,310056,0.13038939750092787,51.18333333333333,3.216666666666667,SINT-MICHIELS
31005,310057,0.21453358901397995,51.2,3.183333333333333,SINT-ANDRIES
31005,310058,0.03638345911171594,51.25,3.25,KOOLKERKE
31005,310051,0.1250000000000001,51.21666666666667,3.2333333333333334,BRUGGE
42004,420042,0.5,51.03333333333333,4.216666666666667,OPDORP
42004,420041,0.5,51.016666666666666,4.2,BUGGENHOUT
31006,310062,0.47287633001918716,51.2,3.3166666666666664,SIJSELE
31006,310063,0.057823129251700675,51.28333333333333,3.3,OOSTKERKE
31006,310064,0.2580673294959009,51.25,3.3333333333333335,MOERKERKE
31006,310065,0.0318332461189604,51.28333333333333,3.35,LAPSCHEURE
31006,310066,0.01273329844758416,51.3,3.3333333333333335,HOEKE
31006,310061,0.16666666666666674,51.25,3.283333333333333,DAMME
38008,380082,0.5,51.083333333333336,2.6,ADINKERKE
38008,380081,0.5,51.1,2.6,DE PANNE
44012,440122,0.5,50.983333333333334,3.7,ZEVERGEM
44012,440121,0.5,51.0,3.65,DE PINTE
44011,440112,0.037121973903331835,51.0,3.5,ZEVEREN
44011,440113,0.03787713183070154,50.983333333333334,3.45,WONTERGEM
44011,440114,0.05457009654097924,51.0,3.4833333333333334,VINKT
44011,440115,0.047455713962075166,51.016666666666666,3.5833333333333335,SINT-MARTENS-LEERNE
44011,440116,0.3819509306327826,50.96666666666667,3.533333333333333,PETEGEM-AAN-DE-LEIE
44011,440117,0.028497275469688357,51.016666666666666,3.533333333333333,MEIGEM
44011,440118,0.03755917059812482,50.983333333333334,3.466666666666667,GRAMMENE
44011,440119,0.021661108969288922,50.96666666666667,3.466666666666667,GOTTEM
44011,4401110,0.06685134914925497,51.016666666666666,3.5833333333333335,BACHTE-MARIA-LEERNE
44011,4401111,0.19554615803468162,50.983333333333334,3.5666666666666664,ASTENE
44011,440111,0.09090909090909083,50.983333333333334,3.533333333333333,DEINZE
45059,450592,0.14285714285714282,50.78333333333333,3.8,PARIKE
45059,450593,0.14285714285714282,50.81666666666667,3.716666666666667,ZEGELSEM
45059,450594,0.14285714285714282,50.8,3.75,OPBRAKEL
45059,450595,0.14285714285714282,50.8,3.7666666666666666,NEDERBRAKEL
45059,450596,0.14285714285714282,50.833333333333336,3.7666666666666666,MICHELBEKE
45059,450597,0.14285714285714282,50.766666666666666,3.8166666666666664,EVERBEEK
45059,450598,0.14285714285714282,50.833333333333336,3.7333333333333334,ELST
41011,410112,0.3333333333333333,50.9,4.05,WELLE
41011,410113,0.3333333333333333,50.86666666666667,4.05,IDDERGEM
41011,410111,0.33333333333333337,50.88333333333333,4.083333333333333,DENDERLEEUW
42006,420062,0.054244666956900306,51.0,4.016666666666667,SCHOONAARDE
42006,420063,0.10074372369757655,51.016666666666666,4.066666666666666,OUDEGEM
42006,420064,0.014043680162530837,51.0,4.066666666666666,MESPELARE
42006,420065,0.15930561602089682,51.05,4.1,GREMBERGEN
42006,420066,0.15145842403134524,51.03333333333333,4.166666666666667,BAASRODE
42006,420067,0.06724713394282397,51.03333333333333,4.05,APPELS
42006,420068,0.3279567551879263,51.016666666666666,4.116666666666666,SINT-GILLIS-BIJ-DENDERMONDE
42006,420061,0.125,51.03333333333333,4.1,DENDERMONDE
37002,370022,0.3959197135318507,50.93333333333333,3.4,WAKKEN
37002,370023,0.25160196004523183,50.93333333333333,3.4333333333333336,OESELGEM
37002,370024,0.10247832642291745,50.95,3.4,MARKEGEM
37002,370021,0.25,50.96666666666667,3.4166666666666665,DENTERGEM
44013,440132,0.5,51.03333333333333,3.8,HEUSDEN
44013,440131,0.5,51.05,3.8,DESTELBERGEN
35029,350292,0.5043114067504312,51.25,3.0166666666666666,KLEMSKERKE
35029,350293,0.16695409378336207,51.25,3.05,VLISSEGEM
35029,350294,0.3287344994662068,51.3,3.0833333333333335,WENDUINE
24020,240202,0.12722326094251882,51.03333333333333,5.1,DEURNE
24020,240203,0.10804688623615706,50.96666666666667,5.066666666666666,WEBBEKOM
24020,240204,0.28974303657893474,51.0,5.083333333333333,SCHAFFEN
24020,240205,0.179538808188312,51.0,5.016666666666667,MOLENSTEDE
24020,240206,0.1287813413874107,50.983333333333334,5.016666666666667,KAGGEVINNE
24020,240201,0.16666666666666663,50.983333333333334,5.05,DIEST
32003,320032,0.03583971751946783,51.0,2.8,NIEUWKAPELLE
32003,320033,0.09922128692581733,51.1,2.9,LEKE
32003,320034,0.017478482928213374,51.03333333333333,2.7666666666666666,LAMPERNISSE
32003,320035,0.1145811658627321,51.083333333333336,2.8833333333333333,KEIEM
32003,320036,0.04043002616728144,51.03333333333333,2.8333333333333335,KAASKERKE
32003,320037,0.16366215832781614,51.03333333333333,2.9,ESEN
32003,320038,0.1153756423594691,51.0,2.8666666666666667,WOUMEN
32003,320039,0.07821179734543965,51.06666666666667,2.8,PERVIJZE
32003,3200310,0.008474415965194363,51.016666666666666,2.8333333333333335,SINT-JACOBS-KAPELLE
32003,3200311,0.10937293105078975,51.05,2.9166666666666665,VLADSLO
32003,3200312,0.014124026608657272,51.083333333333336,2.8333333333333335,STUIVEKENSKERKE
32003,3200313,0.011917147451054575,51.016666666666666,2.8166666666666664,OUDEKAPELLE
32003,3200314,0.025158422396670765,51.05,2.8,OOSTKERKE
32003,3200315,0.09948611242472967,51.05,2.8833333333333333,BEERST
32003,320031,0.06666666666666665,51.03333333333333,2.8666666666666667,DIKSMUIDE
23016,230162,0.20615357332860434,50.833333333333336,4.183333333333334,SCHEPDAAL
23016,230163,0.2867677484187503,50.86666666666667,4.266666666666667,GROOT-BIJGAARDEN
23016,230164,0.17371578885145117,50.833333333333336,4.25,ITTERBEEK
23016,230165,0.0670922740438612,50.88333333333333,4.216666666666667,SINT-ULRIKS-KAPELLE
23016,230166,0.09960394869066617,50.86666666666667,4.216666666666667,SINT-MARTENS-BODEGEM
23016,230161,0.16666666666666685,50.85,4.266666666666667,DILBEEK
44019,440192,0.0672562553925798,51.15,3.7333333333333334,KLUIZEN
44019,440193,0.3154443485763589,51.13333333333333,3.6833333333333336,SLEIDINGE
44019,440194,0.36729939603106126,51.18333333333333,3.75,ERTVELDE
44019,440191,0.25,51.11666666666667,3.7,EVERGEM
23023,230232,0.3333333333333333,50.766666666666666,4.033333333333333,VOLLEZELE
23023,230233,0.3333333333333333,50.75,4.0,TOLLEMBEEK
23023,230231,0.33333333333333337,50.75,3.966666666666667,GALMAARDEN
72041,720412,0.1717588349119055,51.016666666666666,5.75,STOKKEM
72041,720413,0.18785008656686017,51.05,5.733333333333333,ROTEM
72041,720414,0.22344434260107957,51.016666666666666,5.716666666666667,LANKLAAR
72041,720415,0.11818922497199308,51.06666666666667,5.766666666666667,ELEN
72041,720416,0.2987575109481617,51.03333333333333,5.716666666666667,DILSEN
44020,440202,0.09419496166484119,50.95,3.6833333333333336,VURSTE
44020,440203,0.1297918948521358,50.95,3.6666666666666665,SEMMERZAKE
44020,440204,0.17132165023731288,50.916666666666664,3.6833333333333336,DIKKELVENNE
44020,440205,0.05156991602774735,50.93333333333333,3.716666666666667,BAAIGEM
44020,440206,0.38645491055129605,50.916666666666664,3.65,ASPER
44020,440201,0.16666666666666674,50.93333333333333,3.6666666666666665,GAVERE
24028,240282,0.3333333333333333,50.9,5.166666666666667,RUMMEN
24028,240283,0.3333333333333333,50.86666666666667,5.133333333333334,GRAZEN
24028,240281,0.33333333333333337,50.88333333333333,5.116666666666666,GEETBETS
44021,440212,0.16391205430450587,51.03333333333333,3.7666666666666666,GENTBRUGGE
44021,440213,0.04141972175022558,51.016666666666666,3.6666666666666665,SINT-DENIJS-WESTREM
44021,440214,0.011577191412460794,51.03333333333333,3.6666666666666665,AFSNEE
44021,440215,0.06820458271842755,51.03333333333333,3.75,LEDEBERG
44021,440216,0.06308964240100587,51.0,3.716666666666667,ZWIJNAARDE
44021,440217,0.00943117544332172,51.15,3.8333333333333335,SINT-KRUIS-WINKEL
44021,440218,0.0019604581973714096,51.15,3.8166666666666664,MENDONK
44021,440219,0.007236753098938907,51.11666666666667,3.783333333333333,DESTELDONK
44021,4402110,0.09586882617022413,51.06666666666667,3.6833333333333336,MARIAKERKE
44021,4402111,0.18671145704430672,51.05,3.75,SINT-AMANDSBERG
44021,4402112,0.1032104597488578,51.1,3.7666666666666666,OOSTAKKER
44021,4402113,0.10452549960964602,51.05,3.6666666666666665,DRONGEN
44021,4402114,0.07142360667213617,51.083333333333336,3.716666666666667,WONDELGEM
44021,440211,0.07142857142857151,51.05,3.7,GENT
41018,410182,0.060733924700971345,50.8,3.966666666666667,ZANDBERGEN
41018,410183,0.0088805490888657,50.78333333333333,3.966666666666667,WAARBEKE
41018,410184,0.02859837842177089,50.81666666666667,3.9333333333333336,SMEEREBBE-VLOERZEGEM
41018,410185,0.035145901902544754,50.8,3.95,GRIMMINGE
41018,410186,0.017572950951272377,50.78333333333333,3.9833333333333334,NIEUWENHOVE
41018,410187,0.061373625270932,50.8,3.9333333333333336,IDEGEM
41018,410188,0.03619952637071526,50.766666666666666,3.8333333333333335,ZARLARDINGE
41018,410189,0.06600204704182387,50.8,3.9,SCHENDELBEKE
41018,4101810,0.06547523480773862,50.75,3.9333333333333336,VIANE
41018,4101811,0.06254013807497792,50.81666666666667,3.9,OPHASSELT
41018,4101812,0.1473569077627037,50.766666666666666,3.8666666666666667,OVERBOELARE
41018,4101813,0.10302942120895882,50.78333333333333,3.9166666666666665,ONKERZELE
41018,4101814,0.03473197800433491,50.78333333333333,3.8666666666666667,NEDERBOELARE
41018,4101815,0.09817522276631613,50.766666666666666,3.8333333333333335,GOEFERDINGE
41018,4101816,0.11168419362607368,50.75,3.9166666666666665,MOERBEKE
41018,410181,0.06249999999999978,50.766666666666666,3.8833333333333333,GERAARDSBERGEN
41082,410822,0.11128056797265316,50.88333333333333,3.9333333333333336,AAIGEM
41082,410823,0.015356297659742309,50.93333333333333,3.9333333333333336,VLEKKEM
41082,410824,0.02629503023928478,50.93333333333333,3.95,OTTERGEM
41082,410825,0.26468577438864055,50.916666666666664,3.966666666666667,MERE
41082,410826,0.25784906652642653,50.93333333333333,3.9833333333333334,ERPE
41082,410827,0.08561661845911123,50.93333333333333,3.95,ERONDEGEM
41082,410828,0.15608729950039443,50.916666666666664,3.9166666666666665,BURST
41082,410829,0.08282934525374704,50.916666666666664,3.9333333333333336,BAMBRUGGE
71017,710172,0.015979546180888465,50.766666666666666,5.183333333333334,MUIZEN
71017,710173,0.048519712949243156,50.75,5.183333333333334,BUVINGEN
71017,710174,0.13132281588657427,50.75,5.216666666666667,MIELEN-BOVEN-AALST
71017,710175,0.03050640634533252,50.7,5.166666666666667,VORSEN
71017,710176,0.09558673988204192,50.75,5.183333333333334,BORLO
71017,710177,0.10720822801359715,50.733333333333334,5.133333333333334,NIEL-BIJ-SINT-TRUIDEN
71017,710178,0.029780063337110318,50.7,5.15,KORTIJS
71017,710179,0.04067520846044336,50.75,5.233333333333333,BOEKHOUT
71017,7101710,0.21005839797786108,50.71666666666667,5.133333333333334,MONTENAKEN
71017,7101711,0.1994537900578169,50.733333333333334,5.216666666666667,JEUK
71017,710171,0.09090909090909083,50.75,5.133333333333334,GINGELOM
35005,350052,0.1390810276679842,51.13333333333333,2.9166666666666665,ZEVEKOTE
35005,350053,0.3147233201581028,51.18333333333333,2.9333333333333336,SNAASKERKE
35005,350054,0.296195652173913,51.11666666666667,2.95,MOERE
35005,350051,0.25,51.15,2.966666666666667,GISTEL
23024,230242,0.25,50.766666666666666,4.066666666666666,OETINGEN
23024,230243,0.25,50.78333333333333,4.116666666666666,LEERBEEK
23024,230244,0.25,50.7,4.116666666666666,KESTER
23024,230241,0.25,50.8,4.116666666666666,GOOIK
23025,230252,0.49590940406476064,50.916666666666664,4.35,STROMBEEK-BEVER
23025,230253,0.08250086117809162,50.95,4.366666666666666,BEIGEM
23025,230254,0.17158973475714778,50.96666666666667,4.383333333333334,HUMBEEK
23025,230251,0.25,50.93333333333333,4.383333333333334,GRIMBERGEN
13010,130102,0.5,51.166666666666664,4.75,BOUWEL
13010,130101,0.5,51.18333333333333,4.733333333333333,GROBBENDONK
24033,240332,0.33333333333333337,50.96666666666667,4.633333333333333,WESPELAAR
24033,240333,0.33333333333333337,50.95,4.65,TILDONK
24033,240331,0.33333333333333326,50.983333333333334,4.633333333333333,HAACHT
41024,410242,0.25,50.88333333333333,4.0,KERKSKEN
41024,410243,0.25,50.88333333333333,3.95,HELDERGEM
41024,410244,0.25,50.86666666666667,4.016666666666667,DENDERHOUTEM
41024,410241,0.25,50.9,4.0,HAALTERT
71020,710202,0.33333333333333337,50.93333333333333,5.066666666666666,LOKSBERGEN
71020,710203,0.33333333333333337,50.983333333333334,5.1,ZELEM
71020,710201,0.33333333333333326,50.95,5.116666666666666,HALEN
23027,230272,0.38526069873632796,50.71666666666667,4.216666666666667,LEMBEEK
23027,230273,0.28140596793033873,50.733333333333334,4.25,BUIZINGEN
23027,230271,0.33333333333333326,50.733333333333334,4.25,HALLE
42008,420082,0.5,51.06666666666667,4.15,MOERZEKE
42008,420081,0.5,51.1,4.133333333333334,HAMME
34013,340132,0.31412024269167127,50.88333333333333,3.3,HULSTE
34013,340133,0.35254642397499547,50.88333333333333,3.3166666666666664,BAVIKHOVE
34013,340131,0.33333333333333326,50.85,3.3166666666666664,HARELBEKE
71022,710222,0.11992385786802032,50.916666666666664,5.25,STEVOORT
71022,710223,0.06143158405494177,50.96666666666667,5.283333333333333,STOKROOIE
71022,710224,0.3389024708868319,50.95,5.3,KURINGEN
71022,710225,0.06381569125111974,50.95,5.233333333333333,SPALBEEK
71022,710226,0.13462040907733652,50.95,5.25,KERMT
71022,710227,0.009960995819647656,50.88333333333333,5.35,WIMMERTINGEN
71022,710228,0.14634499104210213,50.9,5.3,SINT-LAMBRECHTS-HERK
71022,710221,0.125,50.93333333333333,5.333333333333333,HASSELT
73022,730222,0.01750054860653939,50.733333333333334,5.283333333333333,BATSHEERS
73022,730223,0.08790505449491626,50.766666666666666,5.3,VEULEN
73022,730224,0.12310730743910468,50.766666666666666,5.366666666666666,VECHMAAL
73022,730225,0.07120912881281545,50.733333333333334,5.25,RUKKELINGEN-LOON
73022,730226,0.025546777850925313,50.733333333333334,5.3,OPHEERS
73022,730227,0.03077682685977617,50.78333333333333,5.283333333333333,METTEKOVEN
73022,730228,0.24098456586935849,50.733333333333334,5.266666666666667,MECHELEN-BOVELINGEN
73022,730229,0.08327847267939432,50.766666666666666,5.283333333333333,KLEIN-GELMEN
73022,7302210,0.10158364421037232,50.766666666666666,5.333333333333333,HORPMAAL
73022,7302211,0.06899641577060932,50.766666666666666,5.35,HEKS
73022,7302212,0.06577792407285495,50.766666666666666,5.316666666666666,GUTSCHOVEN
73022,730221,0.08333333333333326,50.75,5.3,HEERS
12014,120142,0.17231042752005293,51.03333333333333,4.7,SCHRIEK
12014,120143,0.12510681110284186,51.11666666666667,4.8,WIEKEVORST
12014,120144,0.1970492571460073,51.1,4.733333333333333,ITEGEM
12014,120145,0.2237520328564734,51.05,4.783333333333333,BOOISCHOT
12014,120146,0.11511480470795775,51.083333333333336,4.733333333333333,HALLAAR
12014,120141,0.16666666666666674,51.06666666666667,4.733333333333333,HEIST-OP-DEN-BERG
24038,240382,0.32810503078889275,50.9,4.65,WINKSELE
24038,240383,0.3385616358777739,50.9,4.616666666666667,VELTEM-BEISEM
24038,240381,0.33333333333333337,50.9,4.666666666666667,HERENT
13011,130112,0.4798886569241476,51.13333333333333,4.833333333333333,NOORDERWIJK
13011,130113,0.18677800974251912,51.11666666666667,4.816666666666666,MORKHOVEN
13011,130111,0.33333333333333326,51.18333333333333,4.833333333333333,HERENTALS
71024,710242,0.3527485852869846,50.95,5.183333333333334,SCHULEN
71024,710243,0.20638641875505254,50.93333333333333,5.133333333333334,DONK
71024,710244,0.19086499595796283,50.95,5.216666666666667,BERBROEK
71024,710241,0.2500000000000001,50.93333333333333,5.166666666666667,HERK-DE-STAD
23032,230322,0.3478260869565218,50.7,3.9833333333333334,SINT-PIETERS-KAPELLE
23032,230323,0.318840579710145,50.75,4.1,HERFELINGEN
23032,230321,0.33333333333333326,50.71666666666667,4.033333333333333,HERNE
13013,130132,0.5,51.03333333333333,4.833333333333333,RAMSEL
13013,130131,0.5,51.05,4.883333333333333,HERSELT
71069,710692,0.49160053591672676,51.1,5.183333333333334,OOSTHAM
71069,710693,0.5083994640832732,51.1,5.15,KWAADMECHELEN
41027,410272,0.12497559308796251,50.9,3.9,BORSBEKE
41027,410273,0.10473005955286536,50.88333333333333,3.9166666666666665,RESSEGEM
41027,410274,0.07261056331152983,50.85,3.9333333333333336,WOUBRECHTEGEM
41027,410275,0.19775700478375477,50.833333333333336,3.8833333333333333,STEENHUIZE-WIJNHUIZE
41027,410276,0.12497559308796251,50.85,3.8833333333333333,SINT-LIEVENS-ESSE
41027,410277,0.12497559308796251,50.85,3.9333333333333336,SINT-ANTELINKS
41027,410278,0.12497559308796251,50.9,3.85,HILLEGEM
41027,410271,0.1250000000000001,50.88333333333333,3.8833333333333333,HERZELE
24041,240412,0.3333333333333333,50.766666666666666,4.916666666666667,OUTGAARDEN
24041,240413,0.3333333333333333,50.78333333333333,4.833333333333333,MELDERT
24041,240411,0.33333333333333337,50.766666666666666,4.883333333333333,HOEGAARDEN
72038,720382,0.3085964507951141,51.15,5.4,EKSEL
72038,720383,0.6914035492048859,51.13333333333333,5.366666666666666,HECHTEL
73032,730322,0.09267725687717938,50.833333333333336,5.45,SCHALKHOVEN
73032,730323,0.2079814025571484,50.833333333333336,5.483333333333333,WERM
73032,730324,0.2637737311119721,50.833333333333336,5.45,SINT-HUIBRECHTS-HERN
73032,730325,0.23556760945370014,50.86666666666667,5.466666666666667,ROMERSHOVEN
73032,730321,0.19999999999999996,50.85,5.483333333333333,HOESELT
24043,240432,0.22763258298359407,50.93333333333333,4.8,KORTRIJK-DUTSEL
24043,240433,0.3677031667302556,50.95,4.833333333333333,NIEUWRODE
24043,240434,0.15466425028615033,50.93333333333333,4.816666666666666,SINT-PIETERS-RODE
24043,240431,0.25,50.916666666666664,4.766666666666667,HOLSBEEK
36006,360062,0.5,51.0,3.1,GITS
36006,360061,0.5,50.983333333333334,3.0833333333333335,HOOGLEDE
13014,130142,0.19185809828438502,51.45,4.733333333333333,MEER
13014,130143,0.22308810700785114,51.46666666666667,4.8,MEERLE
13014,130144,0.10008723466123873,51.4,4.8,WORTEL
13014,130145,0.2849665600465252,51.416666666666664,4.766666666666667,MINDERHOUT
13014,130141,0.19999999999999996,51.4,4.766666666666667,HOOGSTRATEN
32006,320062,0.36719005561007534,50.95,2.85,MERKEM
32006,320063,0.29947661105659146,51.0,2.9,KLERKEN
32006,320061,0.33333333333333326,50.983333333333334,2.95,HOUTHULST
24045,240452,0.1940775930324624,50.78333333333333,4.633333333333333,SINT-AGATHA-RODE
24045,240453,0.2524782264449723,50.75,4.616666666666667,OTTENBURG
24045,240454,0.2206809184481393,50.81666666666667,4.633333333333333,NEERIJSE
24045,240455,0.13276326207442596,50.8,4.6,LOONBEEK
24045,240451,0.19999999999999996,50.78333333333333,4.583333333333333,HULDENBERG
13016,130162,0.3333333333333333,51.05,4.816666666666666,HOUTVENNE
13016,130163,0.3333333333333333,51.06666666666667,4.833333333333333,WESTMEERBEEK
13016,130161,0.33333333333333337,51.083333333333336,4.783333333333333,HULSHOUT
35006,350062,0.09107744107744109,51.166666666666664,3.05,BEKEGEM
35006,350063,0.5755892255892257,51.13333333333333,3.033333333333333,EERNEGEM
35006,350061,0.33333333333333326,51.1,3.0166666666666666,ICHTEGEM
33039,330392,0.1951502644137753,50.75,2.8333333333333335,NIEUWKERKE
33039,330393,0.07377789242873727,50.78333333333333,2.7666666666666666,LOKER
33039,330394,0.15090932542241714,50.78333333333333,2.8333333333333335,KEMMEL
33039,330395,0.1834128724364762,50.8,2.75,WESTOUTER
33039,330396,0.27202373274861347,50.78333333333333,2.8833333333333333,WIJTSCHATE
33039,330397,0.034051334967109506,50.766666666666666,2.85,WULVERGEM
33039,330398,0.09067457758287115,50.766666666666666,2.783333333333333,DRANOUTER
71070,710702,0.4950598023920957,51.016666666666666,5.316666666666666,ZOLDER
71070,710703,0.5049401976079043,51.03333333333333,5.283333333333333,HEUSDEN
33011,330112,0.018516069303002248,50.916666666666664,2.8333333333333335,ZUIDSCHOTE
33011,330113,0.21527936420146448,50.85,2.8166666666666664,VLAMERTINGE
33011,330114,0.12600545863341792,50.88333333333333,2.8166666666666664,ELVERDINGE
33011,330115,0.1332195116086136,50.9,2.8666666666666667,BOEZINGE
33011,330116,0.13117552993230813,50.833333333333336,2.9166666666666665,ZILLEBEKE
33011,330117,0.042923615202414306,50.8,2.9333333333333336,HOLLEBEKE
33011,330118,0.05608926188214643,50.81666666666667,2.8833333333333333,VOORMEZELE
33011,330119,0.05873441463971817,50.86666666666667,2.9,SINT-JAN
33011,3301110,0.08416395137728296,50.81666666666667,2.8333333333333335,DIKKEBUS
33011,3301111,0.04298373231054093,50.86666666666667,2.85,BRIELEN
33011,330111,0.09090909090909083,50.85,2.8833333333333333,IEPER
36008,360082,0.3333333333333333,50.93333333333333,3.2,KACHTEM
36008,360083,0.3333333333333333,50.916666666666664,3.2333333333333334,EMELGEM
36008,360081,0.33333333333333337,50.916666666666664,3.216666666666667,IZEGEM
31012,310122,0.2,51.166666666666664,3.1166666666666667,SNELLEGEM
31012,310123,0.2,51.21666666666667,3.066666666666667,STALHILLE
31012,310124,0.2,51.166666666666664,3.066666666666667,ZERKEGEM
31012,310125,0.2,51.18333333333333,3.15,VARSENARE
31012,310121,0.19999999999999996,51.18333333333333,3.1,JABBEKE
23038,230382,0.4276232616940582,50.916666666666664,4.566666666666666,NEDEROKKERZEEL
23038,230383,0.11164664981036664,50.93333333333333,4.616666666666667,BUKEN
23038,230384,0.21073008849557523,50.93333333333333,4.55,BERG
23038,230381,0.25,50.95,4.55,KAMPENHOUT
23039,230392,0.3333333333333333,51.016666666666666,4.333333333333333,RAMSDONK
23039,230393,0.3333333333333333,50.983333333333334,4.35,NIEUWENRODE
23039,230391,0.33333333333333337,51.016666666666666,4.366666666666666,KAPELLE-OP-DEN-BOS
43007,430072,0.5,51.2,3.6333333333333333,LEMBEKE
43007,430071,0.5,51.21666666666667,3.6166666666666667,KAPRIJKE
13017,130172,0.33333333333333337,51.25,4.9,TIELEN
13017,130173,0.33333333333333337,51.21666666666667,4.916666666666667,LICHTAART
13017,130171,0.33333333333333326,51.233333333333334,4.966666666666667,KASTERLEE
72018,720182,0.22434150772025432,51.13333333333333,5.8,OPHOVEN
72018,720183,0.25,51.15,5.816666666666666,KESSENICH
72018,720184,0.2756584922797457,51.166666666666664,5.733333333333333,MOLENBEERSEL
72018,720181,0.25,51.15,5.733333333333333,KINROOI
44029,440292,0.5,51.13333333333333,3.4833333333333334,URSEL
44029,440291,0.5,51.13333333333333,3.4166666666666665,KNESSELARE
32010,320102,0.19198464122870174,51.11666666666667,2.9166666666666665,ZANDE
32010,320103,0.47468202543796506,51.05,2.966666666666667,BOVEKERKE
32010,320101,0.33333333333333326,51.083333333333336,2.9833333333333334,KOEKELARE
38014,380142,0.03828878580369634,51.1,2.7,WULPEN
38014,380143,0.6283778808629703,51.11666666666667,2.6833333333333336,OOSTDUINKERKE
38014,380141,0.33333333333333337,51.1,2.65,KOKSIJDE
11024,110242,0.5,51.1,4.45,WAARLOOS
11024,110241,0.5,51.13333333333333,4.45,KONTICH
32011,320112,0.16336310172075802,51.03333333333333,2.966666666666667,WERKEN
32011,320113,0.3366913526464822,51.016666666666666,2.966666666666667,ZARREN
32011,320114,0.24994554563275975,51.03333333333333,3.0,HANDZAME
32011,320111,0.25,51.03333333333333,3.05,KORTEMARK
24054,240542,0.26044492674986436,50.916666666666664,5.0,WAANRODE
24054,240543,0.25812986073431,50.86666666666667,4.983333333333333,HOELEDEN
24054,240544,0.19012479652740097,50.88333333333333,5.0,KERSBEEK-MISKOM
24054,240545,0.09130041598842466,50.86666666666667,5.033333333333333,RANSBERG
24054,240541,0.19999999999999996,50.916666666666664,5.066666666666666,KORTENAKEN
24055,240552,0.13733366808937986,50.88333333333333,4.583333333333333,MEERBEEK
24055,240553,0.36900577454180267,50.9,4.55,ERPS-KWERPS
24055,240554,0.24366055736881745,50.88333333333333,4.566666666666666,EVERBERG
24055,240551,0.2500000000000001,50.88333333333333,4.533333333333333,KORTENBERG
73040,730402,0.29952917093142273,50.833333333333336,5.433333333333334,VLIERMAAL
73040,730403,0.217482088024565,50.86666666666667,5.416666666666667,VLIERMAALROOT
73040,730404,0.19995905834186284,50.833333333333336,5.4,GUIGOVEN
73040,730405,0.08302968270214943,50.85,5.416666666666667,WINTERSHOVEN
73040,730401,0.20000000000000007,50.86666666666667,5.383333333333334,KORTESSEM
34022,340222,0.07436253489509885,50.78333333333333,3.2333333333333334,AALBEKE
34022,340223,0.19976904480962385,50.8,3.2333333333333334,MARKE
34022,340224,0.01991898581172475,50.733333333333334,3.3333333333333335,KOOIGEM
34022,340225,0.1390551702305235,50.81666666666667,3.2333333333333334,BISSEGEM
34022,340226,0.0684951218810257,50.766666666666666,3.2666666666666666,ROLLEGEM
34022,340227,0.09556580424209285,50.78333333333333,3.283333333333333,BELLEGEM
34022,340228,0.2778333381299105,50.85,3.2333333333333334,HEULE
34022,340221,0.125,50.833333333333336,3.2666666666666666,KORTRIJK
46013,460132,0.2442483581127362,51.13333333333333,4.283333333333333,RUPELMONDE
46013,460133,0.4224183085539304,51.15,4.3,BAZEL
46013,460131,0.33333333333333337,51.166666666666664,4.316666666666666,KRUIBEKE
45017,450172,0.3085585585585585,50.88333333333333,3.55,WANNEGEM-LEDE
45017,450173,0.35810810810810806,50.88333333333333,3.5166666666666666,NOKERE
45017,450171,0.3333333333333335,50.9,3.533333333333333,KRUISHOUTEM
42010,420102,0.5,51.03333333333333,3.9166666666666665,KALKEN
42010,420101,0.5,51.03333333333333,3.85,LAARNE
73042,730422,0.3031097663472853,50.916666666666664,5.7,REKEM
73042,730423,0.19996638090435367,50.86666666666667,5.633333333333333,VELDWEZELT
73042,730424,0.11430492519751219,50.916666666666664,5.683333333333334,NEERHAREN
73042,730425,0.18261892755084888,50.88333333333333,5.6,GELLIK
73042,730421,0.19999999999999996,50.88333333333333,5.65,LANAKEN
24059,240592,0.07142857142857141,50.78333333333333,5.083333333333333,NEERLANDEN
24059,240593,0.07142857142857141,50.766666666666666,5.083333333333333,ATTENHOVEN
24059,240594,0.07142857142857141,50.733333333333334,5.133333333333334,WEZEREN
24059,240595,0.07142857142857141,50.71666666666667,5.083333333333333,WALSHOUTEM
24059,240596,0.07142857142857141,50.733333333333334,5.083333333333333,WALSBETS
24059,240597,0.07142857142857141,50.733333333333334,5.066666666666666,WAASMONT
24059,240598,0.07142857142857141,50.766666666666666,5.033333333333333,NEERWINDEN
24059,240599,0.07142857142857141,50.766666666666666,5.083333333333333,RUMSDORP
24059,2405910,0.07142857142857141,50.78333333333333,5.033333333333333,WANGE
24059,2405911,0.07142857142857141,50.75,5.05,OVERWINDEN
24059,2405912,0.07142857142857141,50.766666666666666,5.033333333333333,LAAR
24059,2405913,0.07142857142857141,50.78333333333333,5.0,EZEMAAL
24059,2405914,0.07142857142857141,50.78333333333333,5.016666666666667,ELIKSEM
24059,240591,0.07142857142857173,50.75,5.083333333333333,LANDEN
42011,420112,0.3333333333333333,50.983333333333334,4.083333333333333,WIEZE
42011,420113,0.3333333333333333,51.0,4.083333333333333,DENDERBELLE
42011,420111,0.33333333333333337,51.0,4.133333333333334,LEBBEKE
41034,410342,0.14473292541756244,50.96666666666667,3.95,WANZELE
41034,410343,0.14777575657350753,50.96666666666667,3.9333333333333336,SMETLEDE
41034,410344,0.37162229204564245,50.95,3.9,OORDEGEM
41034,410345,0.1358690259632876,50.96666666666667,3.95,IMPE
41034,410341,0.19999999999999996,50.96666666666667,3.9833333333333334,LEDE
36010,360102,0.47897926634768745,50.88333333333333,3.183333333333333,SINT-ELOOIS-WINKEL
36010,360103,0.1876874003189793,50.86666666666667,3.15,ROLLEGEM-KAPELLE
36010,360101,0.33333333333333326,50.85,3.1333333333333333,LEDEGEM
71034,710342,0.5,51.11666666666667,5.233333333333333,HEPPEN
71034,710341,0.5,51.11666666666667,5.266666666666667,LEOPOLDSBURG
24062,240622,0.04409705361758118,50.93333333333333,4.7,WIJGMAAL
24062,240623,0.11846932222239626,50.9,4.7,WILSELE
24062,240624,0.3652449053116336,50.88333333333333,4.716666666666667,KESSEL-LO
24062,240625,0.27218871884838897,50.86666666666667,4.683333333333334,HEVERLEE
24062,240621,0.19999999999999996,50.88333333333333,4.7,LEUVEN
12021,120212,0.5,51.1,4.616666666666667,KONINGSHOOIKT
12021,120211,0.5,51.13333333333333,4.566666666666666,LIER
13019,130192,0.2715056285178236,51.266666666666666,4.783333333333333,WECHELDERZANDE
13019,130193,0.1806050656660413,51.233333333333334,4.833333333333333,POEDERLEE
13019,130194,0.2978893058161351,51.266666666666666,4.866666666666667,GIERLE
13019,130191,0.25,51.233333333333334,4.833333333333333,LILLE
44034,440342,0.25,51.1,3.9,ZEVENEKEN
44034,440343,0.25,51.13333333333333,3.8666666666666667,ZAFFELARE
44034,440344,0.25,51.083333333333336,3.8833333333333333,BEERVELDE
44034,440341,0.25,51.1,3.8333333333333335,LOCHRISTI
46014,460142,0.3333333333333333,51.15,3.966666666666667,EKSAARDE
46014,460143,0.3333333333333333,51.13333333333333,3.9833333333333334,DAKNAM
46014,460141,0.33333333333333337,51.1,3.9833333333333334,LOKEREN
23045,230452,0.33333333333333337,51.0,4.266666666666667,STEENHUFFEL
23045,230453,0.33333333333333337,51.016666666666666,4.25,MALDEREN
23045,230451,0.33333333333333326,51.0,4.3,LONDERZEEL
44036,440362,0.5,51.083333333333336,3.6333333333333333,VINDERHOUTE
44036,440361,0.5,51.1,3.6,LOVENDEGEM
24066,240662,0.1954356846473029,50.86666666666667,4.8,PELLENBERG
24066,240663,0.12972732661529343,50.88333333333333,4.9,BINKOM
24066,240664,0.42483698873740366,50.9,4.766666666666667,LINDEN
24066,240661,0.25,50.88333333333333,4.85,LUBBEEK
71037,710372,0.3333333333333333,51.0,5.15,MELDERT
71037,710373,0.3333333333333333,50.96666666666667,5.133333333333334,LINKHOUT
71037,710371,0.33333333333333337,50.983333333333334,5.183333333333334,LUMMEN
72021,720212,0.20490767735665696,51.06666666666667,5.65,OPOETEREN
72021,720213,0.4617589893100098,51.083333333333336,5.7,NEEROETEREN
72021,720211,0.33333333333333326,51.1,5.816666666666666,MAASEIK
23047,230472,0.5,50.9,4.433333333333334,DIEGEM
23047,230471,0.5,50.916666666666664,4.433333333333334,MACHELEN
43010,430102,0.06147146690971696,51.25,3.4166666666666665,MIDDELBURG
43010,430103,0.6051951997569498,51.2,3.4833333333333334,ADEGEM
43010,430101,0.33333333333333326,51.21666666666667,3.45,MALDEGEM
12025,120252,0.27183657786885246,51.016666666666666,4.516666666666667,MUIZEN
12025,120253,0.14744492827868852,51.03333333333333,4.416666666666667,LEEST
12025,120254,0.205078125,51.016666666666666,4.45,HOMBEEK
12025,120255,0.11323855874316938,51.05,4.416666666666667,HEFFEN
12025,120256,0.09573514344262295,51.06666666666667,4.45,WALEM
12025,120251,0.16666666666666674,51.03333333333333,4.483333333333333,MECHELEN
23050,230502,0.5,50.95,4.316666666666666,WOLVERTEM
23050,230501,0.5,50.93333333333333,4.333333333333333,MEISE
44040,440402,0.5,50.983333333333334,3.8,GONTRODE
44040,440401,0.5,51.0,3.8,MELLE
34027,340272,0.24510477936495811,50.78333333333333,3.1666666666666665,REKKEM
34027,340273,0.4215618873017085,50.8,3.183333333333333,LAUWE
34027,340271,0.33333333333333337,50.8,3.1166666666666667,MENEN
23052,230522,0.3333333333333333,50.916666666666664,4.283333333333333,HAMME
23052,230523,0.3333333333333333,50.93333333333333,4.266666666666667,BRUSSEGEM
23052,230521,0.33333333333333337,50.95,4.233333333333333,MERCHTEM
44043,440432,0.20715865118850196,50.96666666666667,3.716666666666667,SCHELDERODE
44043,440433,0.08153676064123826,50.95,3.75,MUNTE
44043,440434,0.19444444444444445,50.95,3.7,MELSEN
44043,440435,0.10364842454394693,50.983333333333334,3.7666666666666666,LEMBERGE
44043,440436,0.24654505251520176,50.96666666666667,3.75,BOTTELARE
44043,440431,0.16666666666666663,51.0,3.75,MERELBEKE
35011,350112,0.1111111111111111,51.166666666666664,2.7666666666666666,WESTENDE
35011,350113,0.1111111111111111,51.15,2.75,LOMBARDSIJDE
35011,350114,0.1111111111111111,51.15,2.85,SLIJPE
35011,350115,0.1111111111111111,51.13333333333333,2.8833333333333333,SINT-PIETERS-KAPELLE
35011,350116,0.1111111111111111,51.11666666666667,2.8333333333333335,SCHORE
35011,350117,0.1111111111111111,51.13333333333333,2.8166666666666664,MANNEKENSVERE
35011,350118,0.1111111111111111,51.18333333333333,2.8833333333333333,LEFFINGE
35011,350119,0.1111111111111111,51.18333333333333,2.8333333333333335,WILSKERKE
35011,350111,0.11111111111111094,51.18333333333333,2.8166666666666664,MIDDELKERKE
36012,360122,0.5,50.85,3.1,DADIZELE
36012,360121,0.5,50.9,3.066666666666667,MOORSLEDE
44048,440482,0.5,50.95,3.65,EKE
44048,440481,0.5,50.96666666666667,3.6,NAZARETH
72025,720252,0.5,51.233333333333334,5.483333333333333,SINT-HUIBRECHTS-LILLE
72025,720251,0.5,51.233333333333334,5.433333333333334,NEERPELT
44049,440492,0.11283200207805699,51.03333333333333,3.55,VOSSELARE
44049,440493,0.16665043184622377,51.03333333333333,3.5166666666666666,POESELE
44049,440494,0.16665043184622377,51.083333333333336,3.5833333333333335,MERENDREE
44049,440495,0.22055003571660495,51.05,3.5666666666666664,LANDEGEM
44049,440496,0.16665043184622377,51.06666666666667,3.533333333333333,HANSBEKE
44049,440491,0.16666666666666685,51.03333333333333,3.55,NEVELE
71045,710452,0.2766821345707657,50.9,5.216666666666667,WIJER
71045,710453,0.13855858468677495,50.86666666666667,5.166666666666667,BINDERVELD
71045,710454,0.3347592807424594,50.88333333333333,5.233333333333333,KOZEN
71045,710451,0.25,50.86666666666667,5.2,NIEUWERKERKEN
38016,380162,0.2121212121212121,51.13333333333333,2.783333333333333,SINT-JORIS
38016,380163,0.45454545454545453,51.11666666666667,2.7666666666666666,RAMSKAPELLE
38016,380161,0.33333333333333337,51.13333333333333,2.75,NIEUWPOORT
12026,120262,0.5183946488294315,51.13333333333333,4.633333333333333,KESSEL
12026,120263,0.14827201783723523,51.13333333333333,4.683333333333334,BEVEL
12026,120261,0.33333333333333326,51.15,4.666666666666667,NIJLEN
41048,410482,0.04341428692843787,50.85,3.95,ASPELARE
41048,410483,0.08332270950195479,50.8,4.066666666666666,NEIGEM
41048,410484,0.08332270950195479,50.85,4.0,OUTER
41048,410485,0.16921638619751828,50.81666666666667,4.033333333333333,MEERBEKE
41048,410486,0.08332270950195479,50.81666666666667,3.95,VOORDE
41048,410487,0.10809748427672956,50.8,4.016666666666667,DENDERWINDEKE
41048,410488,0.08332270950195479,50.85,3.966666666666667,NEDERHASSELT
41048,410489,0.009553480367159613,50.8,4.05,LIEFERINGE
41048,4104810,0.08332270950195479,50.81666666666667,4.0,POLLARE
41048,4104811,0.08332270950195479,50.85,4.05,OKEGEM
41048,4104812,0.08644877188509265,50.81666666666667,3.966666666666667,APPELTERRE-EICHEM
41048,410481,0.08333333333333326,50.833333333333336,4.016666666666667,NINOVE
35013,350132,0.5289252212496082,51.2,2.9166666666666665,STENE
35013,350133,0.13774144541705854,51.2,2.9833333333333334,ZANDVOORDE
35013,350131,0.33333333333333326,51.233333333333334,2.9166666666666665,OOSTENDE
44052,440522,0.16666666666666666,50.93333333333333,3.783333333333333,SCHELDEWINDEKE
44052,440523,0.16666666666666666,50.96666666666667,3.783333333333333,MOORTSELE
44052,440524,0.16666666666666666,50.96666666666667,3.8,LANDSKOUTER
44052,440525,0.16666666666666666,50.96666666666667,3.8166666666666664,GIJZENZELE
44052,440526,0.16666666666666666,50.93333333333333,3.783333333333333,BALEGEM
44052,440521,0.16666666666666674,50.95,3.8,OOSTERZELE
31022,310222,0.13406605668377594,51.11666666666667,3.216666666666667,WAARDAMME
31022,310223,0.4757587592055345,51.1,3.2,RUDDERVOORDE
31022,310224,0.14017518411068958,51.1,3.2666666666666666,HERTSBERGE
31022,310221,0.25,51.15,3.2333333333333334,OOSTKAMP
23060,230602,0.5,50.95,4.166666666666667,MAZENZELE
23060,230601,0.5,50.96666666666667,4.183333333333334,OPWIJK
45035,450352,0.07692307692307693,50.833333333333336,3.65,VOLKEGEM
45035,450353,0.07692307692307693,50.88333333333333,3.65,WELDEN
45035,450354,0.07692307692307693,50.86666666666667,3.65,NEDERENAME
45035,450355,0.07692307692307693,50.9,3.6,MULLEM
45035,450356,0.07692307692307693,50.81666666666667,3.5666666666666664,MELDEN
45035,450357,0.07692307692307693,50.85,3.6666666666666665,MATER
45035,450358,0.07692307692307693,50.833333333333336,3.6,LEUPEGEM
45035,450359,0.07692307692307693,50.88333333333333,3.6333333333333333,HEURNE
45035,4503510,0.07692307692307693,50.85,3.6333333333333333,ENAME
45035,4503511,0.07692307692307693,50.86666666666667,3.6166666666666667,EINE
45035,4503512,0.07692307692307693,50.833333333333336,3.6166666666666667,EDELARE
45035,4503513,0.07692307692307693,50.85,3.6,BEVERE
45035,450351,0.0769230769230771,50.85,3.6,OUDENAARDE
35014,350142,0.22772417707150963,51.166666666666664,3.0166666666666666,WESTKERKE
35014,350143,0.2108399545970488,51.166666666666664,3.033333333333333,ROKSEM
35014,350144,0.31143586833144155,51.18333333333333,3.033333333333333,ETTELGEM
35014,350141,0.25,51.18333333333333,3.0,OUDENBURG
24086,240862,0.199978570663238,50.833333333333336,4.683333333333334,VAALBEEK
24086,240863,0.22286510232508303,50.833333333333336,4.733333333333333,HAASRODE
24086,240864,0.20572163291546128,50.833333333333336,4.7,BLANDEN
24086,240865,0.17143469409621773,50.8,4.65,SINT-JORIS-WEERT
24086,240861,0.19999999999999996,50.833333333333336,4.666666666666667,OUD-HEVERLEE
72030,720302,0.2964169381107492,51.13333333333333,5.416666666666667,WIJCHMAAL
72030,720303,0.17650651465798045,51.166666666666664,5.45,KLEINE-BROGEL
72030,720304,0.27707654723127034,51.15,5.5,GROTE-BROGEL
72030,720301,0.25,51.13333333333333,5.45,PEER
23064,230642,0.1810962618632578,50.75,4.15,BELLINGEN
23064,230643,0.13146426496223126,50.733333333333334,4.183333333333334,BEERT
23064,230644,0.16656982374588417,50.78333333333333,4.166666666666667,ELINGEN
23064,230645,0.1876331590160759,50.733333333333334,4.116666666666666,HEIKRUIS
23064,230646,0.16656982374588417,50.733333333333334,4.133333333333334,BOGAARDEN
23064,230641,0.16666666666666674,50.766666666666666,4.166666666666667,PEPINGEN
37011,370112,0.5,51.016666666666666,3.2666666666666666,EGEM
37011,370111,0.5,51.0,3.2666666666666666,PITTEM
33021,330212,0.24340062111801244,50.86666666666667,2.6166666666666667,WATOU
33021,330213,0.13819875776397517,50.916666666666664,2.6333333333333333,ROESBRUGGE-HARINGE
33021,330214,0.17675983436853002,50.88333333333333,2.65,PROVEN
33021,330215,0.09213250517598344,50.916666666666664,2.6833333333333336,KROMBEKE
33021,330216,0.1828416149068323,50.81666666666667,2.7666666666666666,RENINGELST
33021,330211,0.16666666666666663,50.85,2.7333333333333334,POPERINGE
12029,120292,0.5,51.05,4.666666666666667,BEERZEL
12029,120291,0.5,51.05,4.633333333333333,PUTTE
12030,120302,0.3664478230822391,51.083333333333336,4.333333333333333,RUISBROEK
12030,120303,0.15549412577747063,51.06666666666667,4.283333333333333,LIEZELE
12030,120304,0.22805805114029024,51.05,4.333333333333333,BREENDONK
12030,120301,0.2500000000000001,51.06666666666667,4.283333333333333,PUURS
13035,130352,0.30266343825665853,51.416666666666664,5.0,POPPEL
13035,130353,0.36400322841000804,51.416666666666664,5.0,WEELDE
13035,130351,0.3333333333333335,51.36666666666667,5.0,RAVELS
73066,730662,0.19187786465354542,50.8,5.616666666666667,ZICHEN-ZUSSEN-BOLDER
73066,730663,0.09311809112968454,50.78333333333333,5.566666666666666,MILLEN
73066,730664,0.10700997573469936,50.78333333333333,5.6,VAL-MEER
73066,730665,0.16063629010514963,50.833333333333336,5.583333333333333,VLIJTINGEN
73066,730666,0.09208681585332973,50.833333333333336,5.633333333333333,VROENHOVEN
73066,730667,0.05089646805068751,50.81666666666667,5.533333333333333,MEMBRUGGEN
73066,730668,0.09985171205176598,50.8,5.566666666666666,HERDEREN
73066,730669,0.07152197357778377,50.81666666666667,5.666666666666667,KANNE
73066,7306610,0.033000808843354004,50.8,5.533333333333333,GENOELSELDEREN
73066,730661,0.1000000000000002,50.81666666666667,5.6,RIEMST
36015,360152,0.25,50.93333333333333,3.15,RUMBEKE
36015,360153,0.25,50.96666666666667,3.15,BEVEREN
36015,360154,0.25,50.916666666666664,3.1666666666666665,OEKENE
36015,360151,0.25,50.95,3.1166666666666667,ROESELARE
24094,240942,0.32734864300626304,50.96666666666667,4.7,WERCHTER
24094,240943,0.33931802366040364,50.95,4.75,WEZEMAAL
24094,240941,0.33333333333333326,50.95,4.716666666666667,ROTSELAAR
11037,110372,0.3333333333333333,51.083333333333336,4.4,TERHAGEN
11037,110373,0.3333333333333333,51.1,4.416666666666667,REET
11037,110371,0.33333333333333337,51.083333333333336,4.416666666666667,RUMST
11039,110392,0.5,51.266666666666666,4.55,'S-GRAVENWEZEL
11039,110391,0.5,51.233333333333334,4.583333333333333,SCHILDE
12034,120342,0.3333333333333333,51.06666666666667,4.25,OPPUURS
12034,120343,0.3333333333333333,51.05,4.266666666666667,LIPPELO
12034,120341,0.33333333333333337,51.05,4.2,SINT-AMANDS
46020,460202,0.2931011296395912,51.2,4.1,SINT-PAUWELS
46020,460203,0.25,51.266666666666666,4.15,MEERDONK
46020,460204,0.20689887036040883,51.25,4.083333333333333,DE KLINGE
46020,460201,0.25,51.21666666666667,4.133333333333334,SINT-GILLIS-WAAS
12035,120352,0.5,51.06666666666667,4.583333333333333,ONZE-LIEVE-VROUW-WAVER
12035,120351,0.5,51.06666666666667,4.533333333333333,SINT-KATELIJNE-WAVER
43014,430142,0.35072,51.28333333333333,3.6333333333333333,WATERVLIET
43014,430143,0.09770666666666666,51.28333333333333,3.5833333333333335,WATERLAND-OUDEMAN
43014,430144,0.13653333333333334,51.28333333333333,3.55,SINT-MARGRIETE
43014,430145,0.21503999999999998,51.266666666666666,3.5833333333333335,SINT-JAN-IN-EREMO
43014,430141,0.20000000000000007,51.233333333333334,3.533333333333333,SINT-LAUREINS
41063,410632,0.31095637927503583,50.93333333333333,3.9,VLIERZELE
41063,410633,0.09895556010649191,50.93333333333333,3.9166666666666665,ZONNEGEM
41063,410634,0.21380298996518535,50.95,3.8666666666666667,BAVEGEM
41063,410635,0.1762850706532869,50.93333333333333,3.8833333333333333,LETTERHOUTEM
41063,410631,0.19999999999999996,50.916666666666664,3.8666666666666667,SINT-LIEVENS-HOUTEM
44064,440642,0.5,51.0,3.6,DEURLE
44064,440641,0.5,51.016666666666666,3.6333333333333333,SINT-MARTENS-LATEM
46021,460212,0.2100799779371208,51.15,4.05,SINAAI
46021,460213,0.335838389409818,51.15,4.083333333333333,BELSELE
46021,460214,0.20408163265306123,51.2,4.183333333333334,NIEUWKERKEN-WAAS
46021,460211,0.25,51.166666666666664,4.133333333333334,SINT-NIKLAAS
23077,230772,0.2687088856161021,50.8,4.233333333333333,VLEZENBEEK
23077,230773,0.4746588119783996,50.78333333333333,4.3,RUISBROEK
23077,230774,0.026941580756013744,50.78333333333333,4.2,SINT-LAUREINS-BERCHEM
23077,230775,0.029690721649484535,50.78333333333333,4.2,OUDENAKEN
23077,230771,0.20000000000000007,50.78333333333333,4.25,SINT-PIETERS-LEEUW
71053,710532,0.12612612612612614,50.766666666666666,5.133333333333334,VELM
71053,710533,0.06106244175209693,50.81666666666667,5.15,WILDEREN
71053,710534,0.024645334990162575,50.85,5.15,RUNKELEN
71053,710535,0.022789686237962098,50.833333333333336,5.166666666666667,GORSEM
71053,710536,0.02528321424873149,50.833333333333336,5.15,DURAS
71053,710537,0.23224603914259087,50.81666666666667,5.25,ZEPPEREN
71053,710538,0.05352386869628249,50.81666666666667,5.233333333333333,ORDINGEN
71053,710539,0.034213523868696284,50.766666666666666,5.183333333333334,KERKOM-BIJ-SINT-TRUIDEN
71053,7105310,0.021339960650305478,50.8,5.15,HALMAAL
71053,7105311,0.03224189706948328,50.78333333333333,5.266666666666667,GROOT-GELMEN
71053,7105312,0.08321424873149011,50.766666666666666,5.266666666666667,GELINDEN
71053,7105313,0.024413378896137518,50.766666666666666,5.25,ENGELMANSHOVEN
71053,7105314,0.15024955990473232,50.8,5.216666666666667,BRUSTEM
71053,7105315,0.04198405301853578,50.78333333333333,5.216666666666667,AALST
71053,710531,0.06666666666666665,50.81666666666667,5.183333333333334,SINT-TRUIDEN
11044,110442,0.5,51.31666666666667,4.4,HOEVENEN
11044,110441,0.5,51.333333333333336,4.366666666666666,STABROEK
36019,360192,0.2586299409765695,50.93333333333333,3.0166666666666666,WESTROZEBEKE
36019,360193,0.40803672569009714,50.93333333333333,3.066666666666667,OOSTNIEUWKERKE
36019,360191,0.33333333333333337,50.96666666666667,3.0166666666666666,STADEN
23081,230812,0.36237348680293713,50.93333333333333,4.5,PERK
23081,230813,0.3042931798637296,50.916666666666664,4.483333333333333,MELSBROEK
23081,230811,0.33333333333333326,50.916666666666664,4.516666666666667,STEENOKKERZEEL
46024,460242,0.5,51.2,4.083333333333333,KEMZEKE
46024,460241,0.5,51.2,4.033333333333333,STEKENE
46025,460252,0.25,51.11666666666667,4.133333333333334,ELVERSELE
46025,460253,0.25,51.11666666666667,4.183333333333334,TIELRODE
46025,460254,0.25,51.13333333333333,4.266666666666667,STEENDORP
46025,460251,0.25,51.11666666666667,4.216666666666667,TEMSE
23086,230862,0.45910668477440775,50.86666666666667,4.15,SINT-KATHERINA-LOMBEEK
23086,230863,0.20755998189225897,50.85,4.166666666666667,WAMBEEK
23086,230861,0.33333333333333326,50.86666666666667,4.183333333333334,TERNAT
24104,241042,0.3333333333333333,50.81666666666667,4.55,DUISBURG
24104,241043,0.3333333333333333,50.833333333333336,4.55,VOSSEM
24104,241041,0.33333333333333337,50.81666666666667,4.516666666666667,TERVUREN
37015,370152,0.1543474032289438,51.03333333333333,3.3333333333333335,SCHUIFERSKAPELLE
37015,370153,0.17039486481229332,51.016666666666666,3.4,KANEGEM
37015,370154,0.4252577319587629,51.0,3.4166666666666665,AARSELE
37015,370151,0.25,51.0,3.3333333333333335,TIELT
72039,720392,0.22232226223822862,51.05,5.383333333333334,HELCHTEREN
72039,720393,0.7776777377617714,51.03333333333333,5.366666666666666,HOUTHALEN
24107,241072,0.11111111111111115,50.833333333333336,4.916666666666667,VISSENAKEN
24107,241073,0.11111111111111115,50.833333333333336,4.966666666666667,SINT-MARGRIETE-HOUTEM
24107,241074,0.11111111111111115,50.833333333333336,4.983333333333333,OPLINTER
24107,241075,0.11111111111111115,50.8,4.866666666666667,OORBEEK
24107,241076,0.11111111111111115,50.81666666666667,4.883333333333333,KUMTICH
24107,241077,0.11111111111111115,50.8,4.983333333333333,HAKENDOVER
24107,241078,0.11111111111111115,50.766666666666666,4.95,GOETSENHOVEN
24107,241079,0.11111111111111115,50.78333333333333,4.95,BOST
24107,241071,0.11111111111111083,50.8,4.933333333333334,TIENEN
73083,730832,0.06825547371607305,50.78333333333333,5.5,BERG
73083,730833,0.025507012410453035,50.766666666666666,5.4,WIDOOIE
73083,730834,0.044427403894662494,50.766666666666666,5.533333333333333,SLUIZEN
73083,730835,0.05579255372818081,50.75,5.45,RUTTEN
73083,730836,0.069740692160226,50.8,5.466666666666667,RIKSINGEN
73083,730837,0.11494299263444656,50.75,5.5,VREREN
73083,730838,0.05895671476137625,50.78333333333333,5.416666666666667,PIRINGEN
73083,730839,0.04100494400161437,50.8,5.433333333333334,OVERREPEN
73083,7308310,0.060054484915750175,50.766666666666666,5.516666666666667,NEREM
73083,7308311,0.018597517909393606,50.81666666666667,5.45,NEERREPEN
73083,7308312,0.07290485319342146,50.766666666666666,5.516666666666667,MAL
73083,7308313,0.06832004843103623,50.733333333333334,5.416666666666667,LAUW
73083,7308314,0.12346685500958529,50.766666666666666,5.45,KONINKSEM
73083,7308315,0.03532236908485521,50.8,5.5,'S HERENELDEREN
73083,7308316,0.060506507920492385,50.8,5.466666666666667,HENIS
73083,7308317,0.023376046816668345,50.75,5.483333333333333,DIETS-HEUR
73083,730831,0.05882352941176472,50.78333333333333,5.466666666666667,TONGEREN
24109,241092,0.5,51.0,4.75,BAAL
24109,241091,0.5,51.0,4.7,TREMELO
38025,380252,0.006031882809133994,51.05,2.75,ZOUTENAAIE
38025,380253,0.0965101249461439,51.016666666666666,2.65,WULVERINGEM
38025,380254,0.09449949734309923,51.016666666666666,2.65,VINKEM
38025,380255,0.11747809852075253,51.05,2.6833333333333336,STEENKERKE
38025,380256,0.1935947149217291,51.016666666666666,2.6166666666666667,HOUTEM
38025,380257,0.09277610225477524,51.06666666666667,2.7333333333333334,AVEKAPELLE
38025,380258,0.029297716501507965,51.083333333333336,2.75,BOOITSHOEKE
38025,380259,0.03360620422231796,51.05,2.6,DE MOEREN
38025,3802510,0.19761597012781842,51.05,2.65,BULSKAMP
38025,3802511,0.04768059744363061,51.05,2.716666666666667,EGGEWAARTSKAPELLE
38025,380251,0.09090909090909105,51.06666666666667,2.6666666666666665,VEURNE
23088,230882,0.5,50.93333333333333,4.45,PEUTIE
23088,230881,0.5,50.93333333333333,4.416666666666667,VILVOORDE
34040,340402,0.1877415199656505,50.9,3.4,SINT-ELOOIS-VIJVE
34040,340403,0.27721124946328896,50.88333333333333,3.35,DESSELGEM
34040,340404,0.2850472305710606,50.88333333333333,3.35,BEVEREN
34040,340401,0.25,50.88333333333333,3.4333333333333336,WAREGEM
73098,730982,0.5682010135135135,50.85,5.3,ULBEEK
73098,730983,0.06144425675675676,50.833333333333336,5.333333333333333,HERTEN
73098,730984,0.12035472972972973,50.81666666666667,5.316666666666666,BERLINGEN
73098,730981,0.25,50.833333333333336,5.35,WELLEN
33029,330292,0.5,50.81666666666667,3.0833333333333335,GELUWE
33029,330291,0.5,50.78333333333333,3.05,WERVIK
42025,420252,0.33333333333333337,50.96666666666667,3.8666666666666667,WESTREM
42025,420253,0.33333333333333337,50.983333333333334,3.8666666666666667,MASSEMEN
42025,420251,0.33333333333333326,51.0,3.8833333333333333,WETTEREN
24135,241352,0.11997624232825184,50.9,4.916666666666667,MEENSEL-KIEZEGEM
24135,241353,0.4525836468026133,50.93333333333333,4.9,TIELT
24135,241354,0.28489408038012276,50.9,4.883333333333333,SINT-JORIS-WINGE
24135,241355,0.14254603048901207,50.93333333333333,4.866666666666667,HOUWAART
34041,340412,0.27596406419000946,50.833333333333336,3.1666666666666665,MOORSELE
34041,340413,0.3907026024766571,50.85,3.2,GULLEGEM
34041,340411,0.3333333333333335,50.81666666666667,3.183333333333333,WEVELGEM
42026,420262,0.30252257283812717,50.983333333333334,3.9333333333333336,SERSKAMP
42026,420263,0.3641440938285395,51.016666666666666,3.9333333333333336,SCHELLEBELLE
42026,420261,0.33333333333333326,51.0,3.9833333333333334,WICHELEN
37017,370172,0.4189328743545611,50.9,3.3333333333333335,OOIGEM
37017,370173,0.24773379231210557,50.916666666666664,3.4,SINT-BAAFS-VIJVE
37017,370171,0.33333333333333326,50.916666666666664,3.3666666666666667,WIELSBEKE
12040,120402,0.25,51.03333333333333,4.366666666666666,TISSELT
12040,120403,0.25,51.06666666666667,4.4,HEINDONK
12040,120404,0.25,51.05,4.366666666666666,BLAASVELD
12040,120401,0.25,51.05,4.366666666666666,WILLEBROEK
37018,370182,0.5,51.03333333333333,3.216666666666667,ZWEVEZELE
37018,370181,0.5,51.05,3.283333333333333,WINGENE
11053,110532,0.5,51.4,4.65,LOENHOUT
11053,110531,0.5,51.38333333333333,4.6,WUUSTWEZEL
11054,110542,0.27849686847599164,51.2,4.716666666666667,PULLE
11054,110543,0.27609603340292277,51.21666666666667,4.7,PULDERBOS
11054,110544,0.12118997912317328,51.2,4.633333333333333,MASSENHOVEN
11054,110545,0.12421711899791232,51.18333333333333,4.65,VIERSEL
11054,110541,0.19999999999999996,51.21666666666667,4.666666666666667,ZANDHOVEN
23094,230942,0.3195707530010913,50.86666666666667,4.516666666666667,STERREBEEK
23094,230943,0.31661513277555475,50.86666666666667,4.45,SINT-STEVENS-WOLUWE
23094,230944,0.11381411422335394,50.88333333333333,4.5,NOSSEGEM
23094,230941,0.25,50.88333333333333,4.466666666666667,ZAVENTEM
23096,230962,0.13207661903314077,50.96666666666667,4.483333333333333,WEERDE
23096,230963,0.22684098510185471,50.983333333333334,4.5,HOFSTADE
23096,230964,0.2421161447248404,50.96666666666667,4.5,ELEWIJT
23096,230965,0.19896625114016417,50.96666666666667,4.45,EPPEGEM
23096,230961,0.19999999999999996,50.983333333333334,4.466666666666667,ZEMST
45057,450572,0.3333333333333333,50.916666666666664,3.6,OUWEGEM
45057,450573,0.3333333333333333,50.9,3.5833333333333335,HUISE
45057,450571,0.33333333333333337,50.9,3.65,ZINGEM
11055,110552,0.5,51.233333333333334,4.65,HALLE
11055,110551,0.5,51.266666666666666,4.716666666666667,ZOERSEL
44080,440802,0.31464174454828664,51.13333333333333,3.55,RONSELE
44080,440803,0.3520249221183801,51.15,3.5166666666666666,OOSTWINKEL
44080,440801,0.33333333333333326,51.11666666666667,3.5666666666666664,ZOMERGEM
33037,330372,0.05114058355437666,50.81666666666667,2.9833333333333334,ZANDVOORDE
33037,330373,0.3106631299734748,50.9,3.0166666666666666,PASSENDALE
33037,330374,0.15342175066313,50.833333333333336,3.0,GELUVELD
33037,330375,0.28477453580901857,50.85,3.033333333333333,BESELARE
33037,330371,0.19999999999999996,50.86666666666667,2.9833333333333334,ZONNEBEKE
41081,410812,0.10818129921352715,50.833333333333336,3.8,SINT-MARIA-OUDENHOVE
41081,410813,0.028024287716020554,50.9,3.8333333333333335,OOMBERGEN
41081,410814,0.1972079505942187,50.86666666666667,3.783333333333333,STRIJPEN
41081,410815,0.04595228322458589,50.85,3.783333333333333,SINT-GORIKS-OUDENHOVE
41081,410816,0.06208747918229469,50.88333333333333,3.8333333333333335,LEEUWERGEM
41081,410817,0.045574851740195044,50.86666666666667,3.8166666666666664,GODVEERDEGEM
41081,410818,0.060294679631438156,50.86666666666667,3.8333333333333335,GROTENBERGE
41081,410819,0.14913261526993427,50.85,3.8166666666666664,ERWETEGEM
41081,4108110,0.05453884949447771,50.88333333333333,3.8166666666666664,ELENE
41081,4108111,0.15809661302421696,50.88333333333333,3.783333333333333,VELZEKE-RUDDERSHOVE
41081,410811,0.09090909090909083,50.86666666666667,3.8166666666666664,ZOTTEGEM
24130,241302,0.19999999999999998,50.81666666666667,5.083333333333333,HELEN-BOS
24130,241303,0.19999999999999998,50.8,5.116666666666666,HALLE-BOOIENHOVEN
24130,241304,0.19999999999999998,50.8,5.1,DORMAAL
24130,241305,0.19999999999999998,50.86666666666667,5.1,BUDINGEN
24130,241301,0.20000000000000007,50.833333333333336,5.1,ZOUTLEEUW
31042,310422,0.28370570107858245,51.266666666666666,3.1,NIEUWMUNSTER
31042,310423,0.2374807395993837,51.233333333333334,3.1166666666666667,HOUTAVE
31042,310424,0.22881355932203393,51.233333333333334,3.15,MEETKERKE
31042,310421,0.2499999999999999,51.266666666666666,3.15,ZUIENKERKE
44081,440812,0.3102850706177975,50.93333333333333,3.466666666666667,OLSENE
44081,440813,0.3563815960488693,50.96666666666667,3.4833333333333334,MACHELEN
44081,440811,0.33333333333333326,50.916666666666664,3.45,ZULTE
34042,340422,0.18308457711442788,50.8,3.4333333333333336,OTEGEM
34042,340423,0.1983681592039801,50.75,3.3666666666666667,SINT-DENIJS
34042,340424,0.2185870646766169,50.766666666666666,3.4,MOEN
34042,340425,0.19996019900497514,50.78333333333333,3.4166666666666665,HEESTERT
34042,340421,0.19999999999999996,50.81666666666667,3.3333333333333335,ZWEVEGEM
11056,110562,0.5,51.2,4.35,BURCHT
11056,110561,0.5,51.21666666666667,4.333333333333333,ZWIJNDRECHT
45061,450612,0.30188077781319733,50.833333333333336,3.55,PETEGEM-AAN-DE-SCHELDE
45061,450613,0.3286579534587185,50.85,3.5166666666666666,WORTEGEM
45061,450614,0.10439910742747849,50.86666666666667,3.55,OOIKE
45061,450615,0.0846350015938795,50.85,3.5666666666666664,MOREGEM
45061,450616,0.18042715970672618,50.81666666666667,3.533333333333333,ELSEGEM
31040,310402,0.3572760549761724,51.15,3.183333333333333,LOPPEM
31040,310403,0.3296498376959735,51.1,3.1666666666666665,VELDEGEM
31040,310404,0.3130741073278541,51.11666666666667,3.0833333333333335,AARTRIJKE
45065,450652,0.12470973910667942,50.86666666666667,3.716666666666667,SINT-DENIJS-BOEKEL
45065,450653,0.07895096298319902,50.88333333333333,3.7,SINT-MARIA-LATEM
45065,450654,0.08687337795383145,50.85,3.716666666666667,SINT-BLASIUS-BOEKEL
45065,450655,0.05299822428629969,50.85,3.75,ROZEBEKE
45065,450656,0.019942630788143696,50.9,3.716666666666667,PAULATEM
45065,450657,0.12033875153667532,50.86666666666667,3.75,ROBORST
45065,450658,0.1095478759732277,50.88333333333333,3.6833333333333336,NEDERZWALM-HERMELGEM
45065,450659,0.06392569321130993,50.88333333333333,3.75,HUNDELGEM
45065,4506510,0.04698811637754405,50.9,3.7,MEILEGEM
45065,4506511,0.22387651960114738,50.88333333333333,3.7333333333333334,MUNKZWALM
45065,4506512,0.04712470973910668,50.9,3.716666666666667,BEERLEGEM
45065,4506513,0.02472339844283568,50.9,3.7333333333333334,DIKKELE
13049,130492,0.17349212447176335,51.083333333333336,4.866666666666667,ZOERLE-PARWIJS
13049,130493,0.5613522858240492,51.11666666666667,4.916666666666667,TONGERLO
13049,130494,0.26515558970418746,51.13333333333333,4.9,OEVEL
13049,130495,0.8494813676527085,51.083333333333336,4.916666666666667,WESTERLO
73109,731092,0.11803844258255299,50.75,5.883333333333333,TEUVEN
73109,731093,0.06333169048792509,50.733333333333334,5.816666666666666,SINT-PIETERS-VOEREN
73109,731094,0.1981271562345983,50.75,5.816666666666666,SINT-MARTENS-VOEREN
73109,731095,0.3395761458846723,50.766666666666666,5.766666666666667,'S-GRAVENVOEREN
73109,731096,0.07146377525874816,50.733333333333334,5.883333333333333,REMERSDAAL
73109,731097,0.20946278955150321,50.75,5.716666666666667,MOELINGEN
33041,330412,0.3809130913091309,50.9,2.783333333333333,WOESTEN
33041,330413,0.30720572057205725,50.93333333333333,2.7333333333333334,OOSTVLETEREN
33041,330414,0.3118811881188119,50.93333333333333,2.716666666666667,WESTVLETEREN
34043,340432,0.5726959093149334,50.71666666666667,3.35,SPIERE
34043,340433,0.42730409068506653,50.733333333333334,3.3833333333333333,HELKIJN
24134,241342,0.24577139928241928,51.016666666666666,4.95,TESTELT
24134,241343,0.15427985648385442,51.0,4.933333333333334,MESSELBROEK
24134,241344,0.19998291474457544,51.0,4.983333333333333,ZICHEM
24134,241345,0.19998291474457544,51.03333333333333,4.983333333333333,AVERBODE
24134,241346,0.19998291474457544,50.983333333333334,4.983333333333333,SCHERPENHEUVEL
23097,230972,0.25,50.85,4.133333333333334,BORCHTLOMBEEK
23097,230973,0.25,50.833333333333336,4.116666666666666,STRIJTEM
23097,230974,0.25,50.85,4.066666666666666,PAMEL
23097,230975,0.25,50.81666666666667,4.116666666666666,ONZE-LIEVE-VROUW-LOMBEEK
11035,110352,0.21125530321936611,51.166666666666664,4.6,EMBLEM
11035,110353,0.2403294235088595,51.18333333333333,4.6,BROECHEM
11035,110354,0.29841527327177436,51.21666666666667,4.6,OELEGEM
11035,110351,0.25,51.18333333333333,4.566666666666666,RANST
72040,720402,0.12729411764705884,51.1,5.566666666666666,WIJSHAGEN
72040,720403,0.0723921568627451,51.083333333333336,5.616666666666667,NEERGLABBEEK
72040,720404,0.4283921568627451,51.1,5.516666666666667,MEEUWEN
72040,720405,0.28180392156862744,51.083333333333336,5.583333333333333,GRUITRODE
72040,720406,0.09011764705882354,51.13333333333333,5.533333333333333,ELLIKOM
11057,110572,0.5,51.3,4.683333333333334,WESTMALLE
11057,110573,0.5,51.3,4.733333333333333,OOSTMALLE
73107,731072,0.03009934927563399,50.916666666666664,5.733333333333333,UIKHOVEN
73107,731073,0.061350186112524435,50.93333333333333,5.716666666666667,BOORSEM
73107,731074,0.09321693490078461,50.983333333333334,5.716666666666667,VUCHT
73107,731075,0.09790322148729347,50.93333333333333,5.683333333333334,OPGRIMBIE
73107,731076,0.028117719519053102,51.0,5.75,MEESWIJK
73107,731077,0.38132983423934874,50.96666666666667,5.7,MECHELEN-AAN-DE-MAAS
73107,731078,0.039204134643708324,51.0,5.733333333333333,LEUT
73107,731079,0.2687786198216533,50.983333333333334,5.716666666666667,EISDEN
45064,450642,0.25,50.8,3.6833333333333336,SCHORISSE
45064,450643,0.25,50.8,3.6,NUKERKE
45064,450644,0.25,50.81666666666667,3.65,MAARKE-KERKEM
45064,450645,0.25,50.81666666666667,3.6333333333333333,ETIKHOVE
32030,320302,0.3275862068965517,50.95,2.783333333333333,RENINGE
32030,320303,0.18753781004234726,50.96666666666667,2.7333333333333334,POLLINKHOVE
32030,320304,0.10768300060496068,50.95,2.8166666666666664,NOORDSCHOTE
32030,320305,0.37719298245614036,50.983333333333334,2.75,LO
24133,241332,0.23360485986469695,50.81666666666667,5.016666666666667,WOMMERSOM
24133,241333,0.0882231119701781,50.8,5.033333333333333,OVERHESPEN
24133,241334,0.14275852547287035,50.8,5.066666666666666,ORSMAAL-GUSSENHOVEN
24133,241335,0.21413778820930554,50.833333333333336,5.016666666666667,NEERLINTER
24133,241336,0.047494132265635786,50.8,5.05,NEERHESPEN
24133,241337,0.05508767085461825,50.81666666666667,5.05,MELKWEZER
24133,241338,0.218693911362695,50.85,5.05,DRIESLINTER
45063,450632,0.25,50.8,3.8166666666666664,SINT-MARTENS-LIERDE
45063,450633,0.25,50.8,3.85,HEMELVEERDEGEM
45063,450634,0.25,50.81666666666667,3.85,SINT-MARIA-LIERDE
45063,450635,0.25,50.78333333333333,3.85,DEFTINGE
23104,231042,0.2100456621004566,50.81666666666667,4.166666666666667,SINT-MARTENS-LENNIK
23104,231043,0.3333333333333333,50.8,4.183333333333334,GAASBEEK
23104,231044,0.45662100456621,50.8,4.15,SINT-KWINTENS-LENNIK
33040,330402,0.2637602880658436,50.916666666666664,2.95,POELKAPELLE
33040,330403,0.661522633744856,50.916666666666664,2.9166666666666665,LANGEMARK
33040,330404,0.07471707818930041,50.93333333333333,2.8666666666666667,BIKSCHOTE
13053,130532,0.25,51.06666666666667,4.983333333333333,VEERLE
13053,130533,0.25,51.083333333333336,4.95,VARENDONK
13053,130534,0.25,51.083333333333336,5.016666666666667,VORST
13053,130535,0.25,51.1,5.0,EINDHOUT
31043,310432,0.02233454801927824,51.31666666666667,3.25,RAMSKAPELLE
31043,310433,0.3769836605148701,51.333333333333336,3.2333333333333334,HEIST
31043,310434,0.13906194898319033,51.31666666666667,3.3,WESTKAPELLE
31043,310435,0.46161984248266136,51.333333333333336,3.283333333333333,KNOKKE
45060,450602,0.11822498771901095,50.78333333333333,3.5666666666666664,ZULZEKE
45060,450603,0.41804486654658585,50.766666666666666,3.4833333333333334,RUIEN
45060,450604,0.09153430489602096,50.78333333333333,3.5166666666666666,KWAREMONT
45060,450605,0.3721958408383822,50.78333333333333,3.5166666666666666,BERCHEM
45062,450622,0.5,50.833333333333336,3.6833333333333336,SINT-MARIA-HOREBEKE
45062,450623,0.5,50.833333333333336,3.7,SINT-KORNELIS-HOREBEKE
72037,720372,0.5,51.25,5.55,HAMONT
72037,720373,0.5,51.25,5.483333333333333,ACHEL
24137,241372,0.20495185694635484,50.88333333333333,4.933333333333334,ATTENRODE
24137,241373,0.19021418746315583,50.88333333333333,4.966666666666667,KAPELLEN
24137,241374,0.24995087443505598,50.86666666666667,4.966666666666667,ZUURBEMDE
24137,241375,0.35488308115543327,50.85,4.95,BUNSBEEK
11002,110022,0.12144790471542036,51.166666666666664,4.4,WILRIJK
11002,110023,0.120262552374191,51.166666666666664,4.35,HOBOKEN
11002,110024,0.1324995721321763,51.2,4.416666666666667,BERCHEM
11002,110025,0.07203075577304623,51.28333333333333,4.416666666666667,EKEREN
11002,110026,0.13168186918020525,51.25,4.433333333333334,MERKSEM
11002,110027,0.14562719084172693,51.21666666666667,4.433333333333334,BORGERHOUT
11002,110028,0.24541864489506146,51.21666666666667,4.466666666666667,DEURNE
11002,110029,0.031031510088172464,51.35,4.316666666666666,BERENDRECHT-ZANDVLIET-LILLO
11002,1100210,0.5783885546941855,51.21666666666667,4.4,ANTWERPEN
23105,231052,0.33333333333333337,50.9,4.1,TERALFENE
23105,231053,0.33333333333333337,50.916666666666664,4.116666666666666,HEKELGEM
23105,231054,0.33333333333333337,50.9,4.133333333333334,ESSENE
